Name,URL,Image_URL,Location,Description,Phone,Email,Website
Taxidermy,http://charleston.com/businesses/taxidermy,https://charleston.com/media/com_jbusinessdirectory/pictures/companies/817/Taxidermy__1724953476.jpeg,"Charleston, Charleston County","Taxidermy is an upscale accessories line featuring colorful exotic leather handbags, shoes, and more.",N/A,N/A,N/A
Children's Museum of the Lowcountry,http://charleston.com/businesses/children-s-museum-of-the-lowcountry-2,https://charleston.com/media/com_jbusinessdirectory/pictures/companies/818/children-s-museum-of-the-lowcountry-2_1725376368.jpeg,"Charleston, Charleston County",The Children&#039;s Museum of the Lowcountry invites families of all backgrounds to explore environments and experiences that spark imagination through PLAY.,N/A,N/A,N/A
Red Devil Events,http://charleston.com/businesses/red-devil-events,https://charleston.com/media/com_jbusinessdirectory/pictures/companies/819/Red_Devil_Events_1726596641.jpeg,"Mount Pleasant, Charleston County",Red Devil Events is Charleston&#039;s premiere event producer and specializes in large-scale immersive events!,N/A,N/A,N/A
Kaminski House,http://charleston.com/businesses/kaminski-house,https://charleston.com/media/com_jbusinessdirectory/pictures/companies/820/kaminski-house_1726671526.jpeg,"Georgetown, Georgetown County","Kaminski House offers guests stunning views, rich local history, a variety of community events, and a picturesque waterfront wedding venue; something that visitors of all ages and backgrounds can enjoy.",N/A,N/A,N/A
The Wandering Taps,http://charleston.com/businesses/the-wandering-taps,https://charleston.com/media/com_jbusinessdirectory/pictures/companies/821/the-wandering-taps_1727284425.jpeg,"Charleston, Charleston County","The Wandering Taps is a mobile bar business operating in Charleston, SC. Perfect for corporate gatherings, milestone celebrations, and outdoor festivals.",N/A,N/A,N/A
Grit & Grace Studio,http://charleston.com/businesses/grit-grace-studio,https://charleston.com/media/com_jbusinessdirectory/pictures/companies/824/Grit__1727881933.jpeg,"Charleston, Charleston County","Grit & Grace Studio is a woman-owned small business in Charleston that is centered on sustainability and spreading joy. We handcraft beautiful oyster ring dishes, Lowcountry jewelry, ocean-inspired gifts, thoughtful keepsakes, and more!",N/A,N/A,N/A
Raw Lab,http://charleston.com/businesses/raw-lab,https://charleston.com/media/com_jbusinessdirectory/pictures/companies/826/Raw_Lab_1728668215.jpeg,"Charleston, Charleston County",World&#039;s ONLY Omakase-Style Raw Bar Experience and one of Charlestons TOP dining experiences!,N/A,N/A,N/A
Mint Group Mortgage,http://charleston.com/businesses/mint-group-mortgage,https://charleston.com/media/com_jbusinessdirectory/pictures/companies/828/Mint_Group_Mortgage__1729615367.jpeg,"Charleston, Charleston County",Are you looking for a trustworthy mortgage loan broker in South Carolina? Look no further than our team of experts at Mint Group Mortgage.,N/A,N/A,N/A
Permanent Jewelry by Grit & Grace Studio,http://charleston.com/businesses/permenant-jewlery-by-grit-grace-studio,https://charleston.com/media/com_jbusinessdirectory/pictures/companies/829/Permenant_Jewlery_by_Grit__1729617464.jpeg,"Charleston, Charleston County",Set your intentions with a ZAP. The Grit & Grace Permanent Jewelry Lounge is open 7 days a week from 9 am - 6 pm at our 125 King Street Flagship Store.,N/A,N/A,N/A
Stardust Tattoo,http://charleston.com/businesses/stardust-tattoo,https://charleston.com/media/com_jbusinessdirectory/pictures/companies/830/stardust-tattoo_1730134827.jpeg,"North Charleston, Charleston County",Visit the shop to check out some tattoo ideas Walk ins always welcome! DM @stardust.tattoos or call 843-202-0922 to schedule!,N/A,N/A,N/A
Hibachi Chef at Home,http://charleston.com/businesses/hibachi-chef-at-home,https://charleston.com/media/com_jbusinessdirectory/pictures/companies/831/Hibachi_Chef_at_Home__1729874533.jpeg,"Charleston, Charleston County",Hibachi Chef at Home serves freshly prepared meals made with the finest ingredients and topped with delightful presentations.,N/A,N/A,N/A
King Tide Farms,http://charleston.com/businesses/king-tide-farms,https://charleston.com/media/com_jbusinessdirectory/pictures/companies/832/King_Tide_Farms__1729875112.jpeg,"North Charleston, Charleston County","King Tide Farms is a hydroponic farm located in Charleston, SC. We are an urban farm that practices organic and sustainable methods.",N/A,N/A,N/A
iHeartMedia,http://charleston.com/businesses/iheartmedia,https://charleston.com/media/com_jbusinessdirectory/pictures/companies/834/iheartmedia_1731599860.jpeg,"Mount Pleasant, Charleston County","Listen to the best live radio stations in Charleston, SC. Stream online for free, only on iHeart!",N/A,N/A,N/A
Snafu Brewing Company,http://charleston.com/businesses/snafu-brewing-company,https://charleston.com/media/com_jbusinessdirectory/pictures/companies/835/Snafu_Brewing_Company_1732648933.jpeg,"North Charleston, South Carolina","Snafu Brewing Company is a craft brewery with a focus on fruited sours, located in North Charleston, South Carolina.",N/A,N/A,N/A
Charleston Mobile Massage,http://charleston.com/businesses/charleston-mobile-massage,https://charleston.com/media/com_jbusinessdirectory/pictures/companies/836/charleston-mobile-massage_1732653783.jpeg,"Charleston, Charleston County","Experience ultimate relaxation with Charleston Mobile Massage. Enjoy professional, personalized massage therapy in the comfort of your home, vacation rental, or office. Book your session today!",N/A,N/A,N/A
The Mermaids Lagoon Head Spa,http://charleston.com/businesses/the-mermaids-lagoon-head-spa,https://charleston.com/media/com_jbusinessdirectory/pictures/companies/837/The_Mermaids_Lagoon_Head_Spa_1732655092.jpeg,"Charleston, Charleston County",Come get your head spa experience at The Mermaids Lagoon Head Spa!,N/A,N/A,N/A
Gold Creations,http://charleston.com/businesses/gold-creations,https://charleston.com/media/com_jbusinessdirectory/pictures/companies/838/Gold_Creations__1734448834.jpeg,"Charleston, Charleston County","Discover timeless treasures at Gold Creations in Charleston. Explore unique handcrafted jewelry, from gold and silver pieces to Lowcountry-inspired designs. Perfect for every occasion!",N/A,N/A,N/A
Summit Grounds Origin Coffee,http://charleston.com/businesses/summit-grounds-origin-coffee,https://charleston.com/media/com_jbusinessdirectory/pictures/companies/839/Summit_Grounds_Origin_Coffee_1734450176.jpeg,"Charleston, Charleston County","Discover the finest selection of Colombian specialty coffee at Summit Grounds. From rich blends to rare varieties, every bag tells a story of sustainability, heritage, and exceptional flavor.",N/A,N/A,N/A
Charleston Mini Sessions,http://charleston.com/businesses/charleston-mini-sessions,https://charleston.com/media/com_jbusinessdirectory/pictures/companies/840/Charleston_Mini_Sessions_1735830764.jpeg,"Charleston, Charleston County","Book your Charleston Mini Sessions today! Perfect for family portraits, engagements, or seasonal photos in Charleston’s most iconic locations. Limited spots available—reserve now!",N/A,N/A,N/A
Charlestown Express,http://charleston.com/businesses/charlestown-express,https://charleston.com/media/com_jbusinessdirectory/pictures/companies/841/charlestown-express_1736981156.jpeg,"Charleston, Charleston County",Charlestown Express offers transportation services up to 14 people in Charleston and the surrounding areas. Think of me as your informal concierge during your visit to Charleston.,N/A,N/A,N/A
Dalila's on Spring,http://charleston.com/businesses/dalila-s-on-spring,https://charleston.com/media/com_jbusinessdirectory/pictures/companies/842/Dalilas_on_Spring_1738091129.jpeg,"Charleston, Charleston County","Discover Dalila's on Spring, a cozy Charleston gem offering Southern-inspired cuisine with a modern twist, craft cocktails, and a warm, inviting atmosphere.",N/A,N/A,N/A
Charleston Brunch Festival,http://charleston.com/businesses/charleston-brunch-festival,https://charleston.com/media/com_jbusinessdirectory/pictures/companies/844/Charleston_Brunch_Festival_1739384320.jpeg,"Charleston, Charleston County","Charleston Brunch Festival is back! We are excited to host this awesome event again at Johnson Hagood Stadium at The Citadel on Saturday, March 29, 2025, 12pm-4pm: Early Entry 11am",N/A,N/A,N/A
Charleston Air Tours,http://charleston.com/businesses/charleston-air-tours,https://charleston.com/media/com_jbusinessdirectory/pictures/companies/845/Charleston_Air_Tours_1740007086.jpeg,"Charleston, Charleston County","Charleston Air Tours is dedicated to providing exceptional aerial tour experiences, allowing residents and visitors to experience Charleston’s spectacular beauty.",N/A,N/A,N/A
MIX,http://charleston.com/businesses/mix,https://charleston.com/media/com_jbusinessdirectory/pictures/companies/846/mix_1740410468.jpeg,"Mount Pleasant, Charleston County","One-stop destination for entertainment and dining. Full Arcade, duckpin bowling, axe throwing, street curling, and more. MIX offers a delicious menu alongside a vibrant cocktail bar, perfect for a memorable night out.",N/A,N/A,N/A
Oliver Pluff & Co,http://charleston.com/businesses/oliver-pluff-co,https://charleston.com/media/com_jbusinessdirectory/pictures/companies/847/Oliver_Pluff__1740515848.jpeg,"Charleston, Charleston County","Oliver Pluff & Company asked the question, &#039;What teas were thrown in the harbor during the Boston Tea Party?&#039; We recreated those blends and hope to share a cup of history with you!",N/A,N/A,N/A
Chocolate Milk Charters,http://charleston.com/businesses/chocolate-milk-charters,https://charleston.com/media/com_jbusinessdirectory/pictures/companies/848/chocolate-milk-charters_1741615869.jpeg,"Charleston, Charleston County","Explore Charleston’s waterways with Chocolate Milk Charters! Enjoy scenic boat tours, wildlife sightings, and unforgettable coastal adventures for all ages.",N/A,N/A,N/A
Rebellion Roads E-Bike Rentals and Tours,http://charleston.com/businesses/rebellion-roads-e-bike-rentals-and-tours,https://charleston.com/media/com_jbusinessdirectory/pictures/companies/849/Rebellion_Roads_E-Bike_Rentals_and_Tours_1741636102.jpeg,"Mount Pleasant, Charleston County",Rebellion Roads is Charleston’s premier and first EBike Rentals and guided Tours company. We Build Our eBikes Specifically to Go Anywhere and Do Anything in the Low Country.,N/A,N/A,N/A
Clawback Sauce,http://charleston.com/businesses/clawback-sauce,https://charleston.com/media/com_jbusinessdirectory/pictures/companies/851/clawback-sauce_1742316921.jpeg,"Charleston, Charleston County","Clawback Sauce was born in Charleston, SC when we discovered the vibrant colors and intricate flavors that our FRESH Fresno peppers and ingredients create.",N/A,N/A,N/A
Magnolia Plantation & Gardens | Tours,http://charleston.com/businesses/magnolia-plantation-gardens-tours,https://charleston.com/media/com_jbusinessdirectory/pictures/companies/852/magnolia017-1559161246.jpg,"Charleston, South Carolina","Magnolia Plantation and Gardens A ""Must Do"" has been recognized as one of America’s most beautiful gardens. It is one of the few in the world to be designated an International Garden of Excellence by the International Camellia Society.",N/A,N/A,N/A
Crewscapes Connect Bach Trips,http://charleston.com/businesses/crewscapes-connect-bach-trips,https://charleston.com/media/com_jbusinessdirectory/pictures/companies/853/Crewscapes_Connect_Bach_Trips_1743013880.jpeg,"Charleston, Charleston County",Effortless & Elevated Bachelor(ette) Travel in Charleston,N/A,N/A,N/A
Cadet Disposal & Dumpster Rental,http://charleston.com/businesses/cadet-disposal-dumpster-rental,https://charleston.com/media/com_jbusinessdirectory/pictures/companies/855/Cadet_Disposal__1744733710.jpeg,"Charleston, Charleston County","Cadet Disposal & Dumpster Rental is Charleston’s trusted solution for fast, affordable dumpster rentals and reliable waste management services.",N/A,N/A,N/A
The Official Charleston Harbor Tours,http://charleston.com/businesses/charleston-harbor-tours-alias,https://charleston.com/media/com_jbusinessdirectory/pictures/companies/37/cropped-1623673401.jpeg,"Charleston, South Carolina",Take a cruise on the beautiful Charleston Harbor.,N/A,N/A,N/A
Fly In Helicopters,http://charleston.com/businesses/fly-in-helicopters,https://charleston.com/media/com_jbusinessdirectory/pictures/companies/36/flyinhelicopters-1476293317.jpg,"johns Island, South Carolina",Helicopter tours over Charleston SC. Call us today,N/A,N/A,N/A
Jet7 Academy,http://charleston.com/businesses/jet-7-academy,https://charleston.com/media/com_jbusinessdirectory/pictures/companies/827/Jet_7_Academy__1729519172.jpeg,"Charleston, Charleston County","Owned and operated by career professional pilots, offers hands-on flight training tailored to each individual student. Our experienced instructors prioritize safety, integrity, and transparency to help you achieve your aviation dreams.",N/A,N/A,N/A
Boone Hall Plantation,http://charleston.com/businesses/boone-hall-plantation,https://charleston.com/media/com_jbusinessdirectory/pictures/companies/35/boonehall06-1487194099.jpg,"Mount Pleasant, South Carolina",Boone Hall Plantation was founded in 1681 when Englishman Major John Boone came to Charleston and established a lucrative plantation and gracious home on the banks of Wampacheone Creek.,N/A,N/A,N/A
Ghost City Tours,http://charleston.com/businesses/ghost-city-tours,https://charleston.com/media/com_jbusinessdirectory/pictures/companies/765/ghost-city-tours_1696460104.jpeg,"Charleston, Charleston County","Join Ghost City Tours on our unique Ghost Tours in Charleston. You&#039;ll visit many of the most haunted locations in Charleston, hearing the ghost stories where they took place.",N/A,N/A,N/A
Carolina Marine Group,http://charleston.com/businesses/carolina-marine-group,https://charleston.com/media/com_jbusinessdirectory/pictures/companies/46/watertours-1479933240.jpg,"Charleston, South Carolina","We cater to clients looking for unique experence. Private parties, bachelor/bachelorette trips, romantic sunset cruises and much more. These events can be a few hours or the entire day. Let us help you plan a great outing on the Charleston waterways.",N/A,N/A,N/A
Magnolia Plantation & Gardens,http://charleston.com/businesses/magnolia-plantation-gardens,https://charleston.com/media/com_jbusinessdirectory/pictures/companies/65/magnolia017-1559161246.jpg,"Charleston, South Carolina","Magnolia Plantation and Gardens A ""Must Do"" has been recognized as one of America’s most beautiful gardens. It is one of the few in the world to be designated an International Garden of Excellence by the International Camellia Society.",N/A,N/A,N/A
Saltwater Cycle,http://charleston.com/businesses/saltwater-cycle,https://charleston.com/media/com_jbusinessdirectory/pictures/companies/785/Saltwater_Cycle_1711725497.jpeg,"Charleston, Charleston County",Now Booking Public & Private Charters on Saltwater Cycle Party Boats! Take Your Party To The Next Level With The Best Party Boat Tour In Charleston!,N/A,N/A,N/A
Revelry Tours,http://charleston.com/businesses/revelry-tours,https://charleston.com/media/com_jbusinessdirectory/pictures/companies/789/Revelry_Tours_1713366751.jpeg,"Charleston, Charleston County","If there is one thing that Charleston knows, it is how to mix a great drink! Here at Revelry Tours, we offer the highest-rated and most unique Pub Crawls in Charleston.",N/A,N/A,N/A
Schooner Pride,http://charleston.com/businesses/schooner-pride,https://charleston.com/media/com_jbusinessdirectory/pictures/companies/83/SchoonerPride01-1480524530.jpg,"Charleston, South Carolina","Tour Charleston Harbor and experience the best in Charleston sailing, sightseeing and attractions on The Schooner Pride, a classic 84&#039; tall ship.",N/A,N/A,N/A
Wild Dunes Resort,http://charleston.com/businesses/wild-dunes-resort,https://charleston.com/media/com_jbusinessdirectory/pictures/companies/45/wilddunes1-1479505125.jpg,"Isle of Palms, South Carolina","Get away to Charleston, South Carolina&#039;s Island Resort. Choose from a variety of accommodations including the Four Diamond rated Boardwalk Inn, The Village, condominiums and cottages, fill your days with award-winning golf, tennis, and more...",N/A,N/A,N/A
Adventure Sightseeing,http://charleston.com/businesses/adventure-sightseeing,https://charleston.com/media/com_jbusinessdirectory/pictures/companies/86/cropped-1623252057.jpeg,"Charleston, South Carolina","Hop aboard our climate controlled buses for our top rated, 90 minute, historic city tours or plantation tours. Departing daily from the Charleston Visitors Center. We have over 35 years experience tours the beautiful Holy City.",N/A,N/A,N/A
Tiki Tours of Charleston,http://charleston.com/businesses/tiki-tours-of-charleston,https://charleston.com/media/com_jbusinessdirectory/pictures/companies/738/Tiki_Tours_of_Charleston_1678470616.jpeg,"Charleston, Charleston County",Tiki Tours of Charleston offers one of the most scenic and relaxing ways to experience the number one tourist destination in the world: from Charleston Harbor!,N/A,N/A,N/A
Hi Seltzer,http://charleston.com/businesses/hi-seltzer,https://charleston.com/media/com_jbusinessdirectory/pictures/companies/778/hi-seltzer_1711135140.jpeg,"Charleston, Charleston County",Happy Without the Hangover™,N/A,N/A,N/A
Charleston County Parks,http://charleston.com/businesses/charleston-county-parks,https://charleston.com/media/com_jbusinessdirectory/pictures/companies/804/charleston-county-parks_1720719415.jpeg,"Charleston, Charleston County","Start your adventure at Charleston County Parks, the perfect place for nature lovers, history buffs, thrill seekers and families.",N/A,N/A,N/A
Lowcountry Tours and Attractions,http://charleston.com/businesses/low-country-tours-and-attractions,https://charleston.com/media/com_jbusinessdirectory/pictures/companies/823/Low_Country_Tours_and_Attractions_1727806017.jpeg,"Charleston, Charleston County",Founded in 2006 In Charleston South Carolina Low Country Tours and Attractions remains the premiere guide/ticket vendor to all sights and attractions.,N/A,N/A,N/A
Charleston Sailing Charters,http://charleston.com/businesses/charleston-sailing-charters,https://charleston.com/media/com_jbusinessdirectory/pictures/companies/816/DSC_1722619511.jpeg,"Charleston, Charleston County","When you sail with us, you’ll immediately see what makes us different. From checking in, to setting sail, then returning safe and sound, we strive to provide an incredible experience for every single person who climbs aboard.",N/A,N/A,N/A
Hyman's Seafood,http://charleston.com/businesses/hyman-s-seafood,https://charleston.com/media/com_jbusinessdirectory/pictures/companies/51/hymansseafood05-1498069914.jpg,"Charleston, South Carolina","Since 1890, Hymans Seafood has been satisfying customers with fresh seafood and good times. The location hasn’t changed in over 112 years. Our House Rules: Rule #1 – The customer is always right. Rule #2 – When in doubt, refer back to Rule #1.",N/A,N/A,N/A
Gullah Geechee Tours,http://charleston.com/businesses/gullah-geechee-tours,https://charleston.com/media/com_jbusinessdirectory/pictures/companies/450/gullahgeecheetours25-1522175874.jpg,"Charleston, South Carolina","Voted the #1 Gullah Geechee tour in Charleston, Book Today (843) 478-0000",N/A,N/A,N/A
Flipper Finders,http://charleston.com/businesses/flipper-finders,https://charleston.com/media/com_jbusinessdirectory/pictures/companies/484/flipperfinders11-1524233181.jpg,"Folly Beach, South Carolina",Flipper Finders Boat and Sea Kayak Tour Co. is a full-service adventure outfitter for guided inshore charters in Charleston. You’ll find us at the edge of the beautiful Folly River- a short walk from Folly Beach. Come see dolphins with us today!,N/A,N/A,N/A
Barrier Island Eco-Tours,http://charleston.com/businesses/barrier-island-eco-tours,https://charleston.com/media/com_jbusinessdirectory/pictures/companies/569/barrier_island_eco_tours_08-1573249204.jpg,"Isle of Palms, South Carolina","Barrier Island Eco Tours offers naturalist-guided tours to Capers Island Heritage Preserve. Our trips depart from the Isle of Palms Marina and take you through winding salt marsh, tidal creeks, and the Intracoastal Waterway to Capers Island.",N/A,N/A,N/A
Sandlapper Water Tours,http://charleston.com/businesses/sandlapper-water-tours,https://charleston.com/media/com_jbusinessdirectory/pictures/companies/648/sandlapper-water-tours_1675302128.jpeg,"Charleston, South Carolina","Welcome to Sandlapper Tours, We operate out of the Charleston Maritime Center located near the S.C. Aquarium. We are a locally owned and operated company.",N/A,N/A,N/A
Francis Marion Hotel,http://charleston.com/businesses/francis-marion-hotel,https://charleston.com/media/com_jbusinessdirectory/pictures/companies/62/FrancisMarion01-1480442263.jpg,"Charleston, South Carolina","In 1996, an extensive restoration earned the hotel the esteemed National Trust Award and once again the Francis Marion opened its doors as Charleston’s Grand Hotel. More recent refurbishments have added to the comforts of today and enhanced the hote",N/A,N/A,N/A
Earthling Day Spa,http://charleston.com/businesses/earthling-day-spa,https://charleston.com/media/com_jbusinessdirectory/pictures/companies/64/earthlingdayspa01-1480448029.jpg,"Charleston, South Carolina","Locally owned for over 36 years, Earthling Day Spa emerged as one of the first day spas in Charleston and continue with a staff of highly skilled therapists. Our mission is to provide exceptional care to each client, every day.",N/A,N/A,N/A
Nature Adventures,http://charleston.com/businesses/nature-adventures-llc,https://charleston.com/media/com_jbusinessdirectory/pictures/companies/84/natureadventures07-1500647903.jpg,"Mount Pleasant, South Carolina","At Nature Adventures, our entire focus is on giving you the best kayaking or paddleboarding experience that the waters near Charleston have to offer.",N/A,N/A,N/A
Market Pavillion Hotel,http://charleston.com/businesses/market-pavillion-hotel,https://charleston.com/media/com_jbusinessdirectory/pictures/companies/0/MarketPavillion01-1480609569.jpg,"Charleston, South Carolina","Welcome to the Market Pavilion, Charleston&#039;s most luxurious hotel. Located in the epicenter of Downtown, we&#039;re just minutes from the waterfront, tour guides, shopping and grand old homes",N/A,N/A,N/A
East Bay Deli,http://charleston.com/businesses/east-bay-deli,https://charleston.com/media/com_jbusinessdirectory/pictures/companies/772/East_Bay_Deli_1705942807.jpeg,"Charleston, Charleston County",The Best Lunch Restaurant to Feed Your Belly,N/A,N/A,N/A
Charleston RiverDogs,http://charleston.com/businesses/charleston-riverdogs,https://charleston.com/media/com_jbusinessdirectory/pictures/companies/202/charleston-riverdogs_1718637133.jpeg,"Charleston, South Carolina","The Charleston RiverDogs are a MiLB team of the Carolina League, and are a Single-A affiliate of the Tampa Bay Rays. The RiverDogs&#039; home stadium, Joseph P. Riley Jr. Park is affectionately known as ""The Joe."" Let&#039;s Go Riverdogs!",N/A,N/A,N/A
Elan Midtown,http://charleston.com/businesses/elan-midtown,https://charleston.com/media/com_jbusinessdirectory/pictures/companies/242/elanmidtown01-1483632654.jpg,"Charleston, South Carolina","lan Midtown is one of a kind, the only new construction apartments in the historic downtown Charleston, SC neighborhood.",N/A,N/A,N/A
Middleton Made Knives,http://charleston.com/businesses/middleton-made-knives,https://charleston.com/media/com_jbusinessdirectory/pictures/companies/850/middleton-made-knives_1741709189.jpeg,"North Charleston, Charleston County",Experience culinary excellence with the Middleton Made Knives Echo Line and other mainstays. Handcrafted in the USA by Quintin Middleton and his team.,N/A,N/A,N/A
Boone Hall Plantation | Weddings,http://charleston.com/businesses/boone-hall-plantation-weddings,https://charleston.com/media/com_jbusinessdirectory/pictures/companies/324/boonehallweddings06-1487192899.jpg,"Mount Pleasant, South Carolina",The Perfect Moment... The Perfect Place.,N/A,N/A,N/A
Sea Island Builders,http://charleston.com/businesses/sea-island-builders,https://charleston.com/media/com_jbusinessdirectory/pictures/companies/327/cropped-1623864701.jpeg,"Sullivan's Island, South Carolina","Sea Island Builders specializes in high quality construction in and around Charleston, SC, including Isle of Palms, Sullivan&#039;s Island, John...",N/A,N/A,N/A
Charleston Adventure Forest,http://charleston.com/businesses/charleston-zipline-adventures,https://charleston.com/media/com_jbusinessdirectory/pictures/companies/342/charleston-zipline-adventures_1695390745.jpeg,"Awendaw, South Carolina","Charleston Adventure Forest was created out of the owner’s love of the outdoors and adventure. They wanted to give everyone, locals and tourists alike, an opportunity to have an adventure of their own in the great outdoors.",N/A,N/A,N/A
Chucktown Charley,http://charleston.com/businesses/chucktown-charley,https://charleston.com/media/com_jbusinessdirectory/pictures/companies/348/chucktowncharley01-1491839436.jpg,"Johns Island, South Carolina","We are Charleston’s only activity and behavior based facility. &nbsp;At Chucktown Charley, your dog always has an experience suited to their...",N/A,N/A,N/A
"The Chart Group, Inc.",http://charleston.com/businesses/the-chart-group-inc,https://charleston.com/media/com_jbusinessdirectory/pictures/companies/354/chart_logo_cloud1-1597173895.jpg,"Johns Island, South Carolina",Media. Web Development. Marketing. Results. Charleston's #1 media Company.,N/A,N/A,N/A
Ms. Rose's Fine Food & Cocktails,http://charleston.com/businesses/ms-rose-s-fine-food-cocktails,https://charleston.com/media/com_jbusinessdirectory/pictures/companies/389/ms-rose-s-fine-food-cocktails_1717435856.jpeg,"Charleston, South Carolina","At Ms. Rose’s, our mission is to be the favorite place to eat and drink in West Ashley and the surrounding Charleston area. Brunch is served every Saturday and Sunday 10 am – 3pm.",N/A,N/A,N/A
On Purpose Adventures,http://charleston.com/businesses/on-purpose-adventures,https://charleston.com/media/com_jbusinessdirectory/pictures/companies/399/onpurposeadventures01-1498579298.jpg,"Charleston, South Carolina","Team building and bonding with On Purpose brings your team members together in exciting, driven, purposeful activities that make a big impression and generate a genuine team response, keeping them productive and engaged.",N/A,N/A,N/A
Electronic Merchant Systems,http://charleston.com/businesses/electronic-merchant-systems,https://charleston.com/media/com_jbusinessdirectory/pictures/companies/410/emsofsc06-1501872695.jpg,"Charleston, South Carolina",EMS Electronic Merchant Systems is a great Credit Card Processor. Located in the Charleston Area serving Charleston South Carolina.,N/A,N/A,N/A
Courtyard Charleston Waterfront,http://charleston.com/businesses/courtyard-charleston-waterfront,https://charleston.com/media/com_jbusinessdirectory/pictures/companies/437/courtyardwaterfront01-1507036724.jpg,"Charleston, South Carolina","Charleston Waterfront hotel, located minutes from the historic district of Charleston, SC. Unique among hotels in downtown Charleston, guests can experience stunning views of the Ashley River, beautiful terrace, click for more information",N/A,N/A,N/A
Phillips Shoes,http://charleston.com/businesses/phillips-shoes,https://charleston.com/media/com_jbusinessdirectory/pictures/companies/458/phillipsshoes00-1510845671.jpg,"Charleston, South Carolina","Phillips Shoes has been serving the Charleston, SC area since 1967. Our knowledgeable and friendly staff are committed to helping you find the...",N/A,N/A,N/A
Escape in 60,http://charleston.com/businesses/escape-in-60,https://charleston.com/media/com_jbusinessdirectory/pictures/companies/472/escapein6005-1519676807.jpg,"Charleston, South Carolina","Test your wits and teamwork at Escape 60 in Charleston! Solve puzzles, uncover clues, and beat the clock in our immersive escape room adventures. Book your game today!",N/A,N/A,N/A
South Carolina Aquarium,http://charleston.com/businesses/south-carolina-aquarium,https://charleston.com/media/com_jbusinessdirectory/pictures/companies/485/south-carolina-aquarium_1693493561.jpeg,"Charleston, South Carolina","Discover the wonder of water, wildlife and wild places at the South Carolina Aquarium. Enjoy the waters from the upstate to the coast, great for families and couples. This is a must do in Charleston.",N/A,N/A,N/A
Sohn and McClure Jewelers,http://charleston.com/businesses/sohn-and-mcclure-jewelers,https://charleston.com/media/com_jbusinessdirectory/pictures/companies/520/sohnandmcclurejewelers08-1543846669.jpg,"Charleston, South Carolina","Sohn & McClure Jewelers specializes in an extensive selection of bridal, antique and contemporary jewelry. Come in today!",N/A,N/A,N/A
Residence Inn Charleston Airport,http://charleston.com/businesses/residence-inn-charleston-airport,https://charleston.com/media/com_jbusinessdirectory/pictures/companies/526/residence-inn-charleston-airport_1682115446.jpeg,"North Charleston, South Carolina","Feel completely at home in North Charleston, whether visiting for a night or an extended-stay, at Residence Inn Charleston Airport. Our hotel is located 10 minutes from the airport and 10 miles from downtown Charleston.",N/A,N/A,N/A
Motoryacht Southern Comfort Bed & Breakfast,http://charleston.com/businesses/motoryacht-southern-comfort-bed-breakfast,https://charleston.com/media/com_jbusinessdirectory/pictures/companies/527/southerncomfortbnb02-1549986123.jpg,"Charleston, South Carolina","Located in the heart of Charleston&#039;s Historic District, Southern Comfort along with our other yachts is docked at the Charleston City Marina and...",N/A,N/A,N/A
The Blood Connection,http://charleston.com/businesses/the-blood-connection,https://charleston.com/media/com_jbusinessdirectory/pictures/companies/532/cropped-1608569548.jpeg,"North Charleston, South Carolina","CRITICAL NEED FOR BLOOD DONATIONS! The Blood Connection, your community blood center, has a CRITICAL need for any kind of blood donation right...",N/A,N/A,N/A
Pam Harrington Exclusives,http://charleston.com/businesses/pam-harrington-exclusives,https://charleston.com/media/com_jbusinessdirectory/pictures/companies/540/pam-harrington-exclusives_1667844012.jpeg,"Johns Island, Charleston County","The Pam Harrington Exclusives real estate team brings decades of experience to current and future residents on Kiawah Island, Seabrook Island, Johns Island, & Historic Charleston.",N/A,N/A,N/A
Vacasa Vacation Rentals,http://charleston.com/businesses/vacasa-vacation-rentals-charleston-s-islands,https://charleston.com/media/com_jbusinessdirectory/pictures/companies/550/Vacasa_updated_image-1596569990.jpg,"Coastal South Carolina, South Carolina","Vacasa is your one-stop shop for vacation rentals in and around Charleston. Through our professional, full-service property management, we care for homes in some of the most desirable vacation destinations.",N/A,N/A,N/A
miraDry,http://charleston.com/businesses/miradry,https://charleston.com/media/com_jbusinessdirectory/pictures/companies/559/miradry01-1564420152.jpg,"Mount Pleasant, South Carolina",miraDry is the only non-surgical FDA -cleared treatment to permanently and significantly reduce underarm sweat and odor. miraDry is an easy treatment that can be completed in as little as an hour.,N/A,N/A,N/A
J. Lily Design,http://charleston.com/businesses/j-lily-design,https://charleston.com/media/com_jbusinessdirectory/pictures/companies/574/j_lily_design_01-1571164669.jpg,"Charleston, South Carolina",J. Lilly was formed in 2015 by Meghan Trotter as a labor of love for both the artful beauty of calligraphy and the authentic touch of a beautiful hand-written memory.,N/A,N/A,N/A
Lashes and Lace,http://charleston.com/businesses/lashes-and-lace,https://charleston.com/media/com_jbusinessdirectory/pictures/companies/578/lashes_and_lace_01-1572447066.jpg,"Charleston, South Carolina",Our studio located at the corner of Broad and Church street in downtown Charleston is available for exclusive rentals for bridal parties on the wedding day!,N/A,N/A,N/A
Ichiban Steakhouse & Asian Fusion,http://charleston.com/businesses/ichiban-steakhouse-asian-fusion-2,https://charleston.com/media/com_jbusinessdirectory/pictures/companies/624/ichibaninside1-1475818176.jpg,"Charleston, South Carolina","Icheban, best sushi in Charleston",N/A,N/A,N/A
Florence's,http://charleston.com/businesses/florence-s,https://charleston.com/media/com_jbusinessdirectory/pictures/companies/656/cropped-1599589241.jpeg,"Charleston, Charleston County","Florence’s Lowcountry Kitchen is a tribute to Florence Powell, the Great Grandmother of Jonathan and Patrick Kish of 82 Queen Restaurant, established in 1982. Great Lowcountry home cooked food that will you wanting more.",N/A,N/A,N/A
82 Queen,http://charleston.com/businesses/82-queen,https://charleston.com/media/com_jbusinessdirectory/pictures/companies/657/cropped-1599599203.jpeg,"Charleston, South Carolina",Charleston's fine Dining experience,N/A,N/A,N/A
Bohemian Bull,http://charleston.com/businesses/bohemian-bull,https://charleston.com/media/com_jbusinessdirectory/pictures/companies/0/cropped-1611858516.jpeg,"Charleston, South Carolina",Bohemian Bull Tavern and Beer Garden is a must do in Charleston.,N/A,N/A,N/A
J.R. McCroskey | Charleston Mortgages,http://charleston.com/businesses/j-r-mccroskey-charleston-mortgages,https://charleston.com/media/com_jbusinessdirectory/pictures/companies/714/j-r-mccroskey-charleston-mortgages_1658251207.jpeg,"Mount Pleasant, Charleston County",Where hospitality and financial insight come together to provide a superior banking experience.,N/A,N/A,N/A
Edisto Island Serpentarium,http://charleston.com/businesses/edisto-island-serpentarium,https://charleston.com/media/com_jbusinessdirectory/pictures/companies/715/Edisto_Island_Serpentarium_1658938570.jpeg,"Edisto, Charleston County","As The First True Serpentarium In South Carolina, This Facility Is Dedicated To The Recognition, Preservation And Study Of The World Of Reptiles. We Provide Educational And Exciting Displays Of Reptiles Both From Around The World And Native To The Re",N/A,N/A,N/A
Henderson & Henderson Law,http://charleston.com/businesses/henderson-henderson-law,https://charleston.com/media/com_jbusinessdirectory/pictures/companies/728/Henderson__1670005188.jpeg,"Charleston, Charleston County","Henderson & Henderson provides expert legal services in Charleston, specializing in business law, estate planning, and civil litigation. Schedule your consultation today!",N/A,N/A,N/A
Azul | Mexican Restaurant,http://charleston.com/businesses/azul-mexican-restaurant,https://charleston.com/media/com_jbusinessdirectory/pictures/companies/731/azul-mexican-restaurant_1698252067.jpeg,"Charleston, Charleston County",Come and enjoy a variety of authentic and delicious Mexican food along side with our specialty margaritas.,N/A,N/A,N/A
Palmetto Scent Studio,http://charleston.com/businesses/palmetto-scent-studio,https://charleston.com/media/com_jbusinessdirectory/pictures/companies/733/Palmetto_Scent_Studio_1675097090.jpeg,"Charleston, Charleston County","Discover Palmetto Scent Studio in Charleston! Blend your own custom candles, diffusers, or body products and take home a unique Lowcountry-inspired scent. Book your experience today!",N/A,N/A,N/A
K9 Control Training,http://charleston.com/businesses/k9-control-training,https://charleston.com/media/com_jbusinessdirectory/pictures/companies/737/k9-control-training_1683749204.jpeg,"Charleston, South Carolina",WE OFFER A FREE CONSULTATION THAT WILL DETERMINE THE LENGTH OF TIME AND COST IN ORDER TO BE FULLY TRAINED ON AND OFF LEASH...,N/A,N/A,N/A
Charleston Tea Garden,http://charleston.com/businesses/charleston-tea-garden,https://charleston.com/media/com_jbusinessdirectory/pictures/companies/739/Charleston_Tea_Garden_1678471544.jpeg,"Charleston, South Carolina","The Charleston Tea Garden is the only tea plantation in North America, offering visitors a unique experience on scenic Wadmalaw Island. Explore lush tea fields, tour the factory, and enjoy refreshing tastings while learning about the art of tea production",N/A,N/A,N/A
The Starlight Motor Inn,http://charleston.com/businesses/the-starlight-motor-inn,https://charleston.com/media/com_jbusinessdirectory/pictures/companies/741/the-starlight-motor-inn_1692372610.jpeg,"North Charleston, Charleston County","A fully-restored midcentury motel in the heart of North Charleston, South Carolina. Where everybody is a star.",N/A,N/A,N/A
Edisto Island Museum,http://charleston.com/businesses/edisto-island-museum,https://charleston.com/media/com_jbusinessdirectory/pictures/companies/743/Edisto_Island_Museum_1681397674.jpeg,"Edisto Island, Charleston County","While we take great pride in our Museum, we also will continue to advocate for historic preservation across Edisto Island. Edisto has a rich and varied history, and we are committed to preserving and exhibiting that history whenever and wherever...",N/A,N/A,N/A
Edisto Beach Services,http://charleston.com/businesses/edisto-beach-services,https://charleston.com/media/com_jbusinessdirectory/pictures/companies/744/Edisto_Beach_Services_1681502173.jpeg,"Edisto Island, Colleton County","Our mission is to make your vacation a vacation! We are non-negotiable on excellent customer service, and aim to make your Edisto trip easier and more memorable.",N/A,N/A,N/A
William Wolf Whiskey,http://charleston.com/businesses/william-wolf-whiskey,https://charleston.com/media/com_jbusinessdirectory/pictures/companies/748/William_Wolf_Whiskey_1685029756.jpeg,"Charleston, Charleston County",William Wolf proudly introduces its line of premium whiskies. We hope you enjoy them as much as we like making them.,N/A,N/A,N/A
Isla Surf School,http://charleston.com/businesses/isla-surf-school,https://charleston.com/media/com_jbusinessdirectory/pictures/companies/750/Isla_Surf_School_1686142805.jpeg,"Charleston, South Carolina","THE # 1 RATED SURF LESSONS IN CHARLESTON, SC",N/A,N/A,N/A
The DRIPBaR Mt. Pleasant,http://charleston.com/businesses/the-dripbar-mt-pleasant,https://charleston.com/media/com_jbusinessdirectory/pictures/companies/757/The_DRIPBaR_Mt._Pleasant_1689012558.jpeg,"Charleston, South Carolina","Drip Bar in Mt Pleasanr, Feel better with Drip Bar, Health and Wellness",N/A,N/A,N/A
International African American Museum,http://charleston.com/businesses/international-african-american-museum,https://charleston.com/media/com_jbusinessdirectory/pictures/companies/760/International_African_American_Museum_1693407730.jpeg,"Charleston, Charleston County",TO HONOR THE UNTOLD STORIES OF THE AFRICAN AMERICAN JOURNEY AT ONE OF OUR COUNTRY&#039;S MOST SACRED SITES.,N/A,N/A,N/A
Drayton Hall,http://charleston.com/businesses/drayton-hall,https://charleston.com/media/com_jbusinessdirectory/pictures/companies/761/drayton-hall_1696013028.jpeg,"Charleston, Charleston County",Condé Nast Traveler&#039;s Best Place to See in South Carolina.,N/A,N/A,N/A
Footlight Players,http://charleston.com/businesses/footlight-players,https://charleston.com/media/com_jbusinessdirectory/pictures/companies/762/Footlight_Players_1694016515.jpeg,"Charleston, Charleston County","Long-tenured community theater staging dramas, comedies & musicals in a converted warehouse space.",N/A,N/A,N/A
Queen Street Playhouse,http://charleston.com/businesses/queen-street-playhouse,https://charleston.com/media/com_jbusinessdirectory/pictures/companies/763/queen-street-playhouse_1694185950.jpeg,"Charleston, Charleston County","Long-tenured community theater staging dramas, comedies & musicals in a converted warehouse space.",N/A,N/A,N/A
BookIt Charleston,http://charleston.com/businesses/bookit-charleston,https://charleston.com/media/com_jbusinessdirectory/pictures/companies/764/BookIt_Charleston_1694192965.jpeg,"Charleston, Charleston County","Looking for fun things to do in Charleston, SC? Then look no further! BookIt Charleston has gathered some of the best tours and activities in the city so you can make the most of your vacation.",N/A,N/A,N/A
Ritual Rooftop Restaurant & Lounge,http://charleston.com/businesses/ritual-rooftop-restaurant-lounge,https://charleston.com/media/com_jbusinessdirectory/pictures/companies/769/ritual-rooftop-restaurant-lounge_1701721079.jpeg,"Charleston, Charleston County","A Downtown Charleston rooftop restaurant and lounge during the day, bar and nightclub by night.",N/A,N/A,N/A
Oyster Club,http://charleston.com/businesses/oyster-club,https://charleston.com/media/com_jbusinessdirectory/pictures/companies/773/Oyster_Club_1706713418.jpeg,"Charleston, Charleston County",Oyster Club is a brand that combines the unique and timeless beauty of New England culture.,N/A,N/A,N/A
Juanita Greenberg’s Nacho Royale,http://charleston.com/businesses/juanita-greenberg-s-nacho-royale,https://charleston.com/media/com_jbusinessdirectory/pictures/companies/774/Juanita_Greenbergs_Nacho_Royale_1707323083.jpeg,"Charleston, Charleston County","Juanita Greenberg’s Nacho Royale is a vibrant and authentic Mexican dining destination located in the heart of Charleston and Mount Pleasant. Our restaurants aim to capture the essence of Mexican culture through its warm ambiance, traditional...",N/A,N/A,N/A
Brookgreen Gardens,http://charleston.com/businesses/brookgreen-gardens,https://charleston.com/media/com_jbusinessdirectory/pictures/companies/776/brookgreen-gardens_1739460492.jpeg,"Murrells Inlet, Georgetown County","Each season, new exhibitions and special events make Brookgreen Gardens...Ever Changing. Simply Amazing.",N/A,N/A,N/A
Lowlife Bar,http://charleston.com/businesses/lowlife-bar-2,https://charleston.com/media/com_jbusinessdirectory/pictures/companies/781/Lowlife_Bar_1711381861.jpeg,"Folly Beach, Charleston County","Lowlife Bar in Folly Beach offers a relaxed coastal vibe with a twist of urban charm. Our rustic yet welcoming space invites patrons to enjoy craft cocktails, local brews, and savory snacks.",N/A,N/A,N/A
Lost Isle,http://charleston.com/businesses/lost-isle,https://charleston.com/media/com_jbusinessdirectory/pictures/companies/782/lost-isle_1740582393.jpeg,"Johns Island, Charleston County",JOHNS ISLAND’S FIRST FIRE TO TABLE RESTAURANT & BAR,N/A,N/A,N/A
Bagels by KISS,http://charleston.com/businesses/bagels-by-kiss,https://charleston.com/media/com_jbusinessdirectory/pictures/companies/787/Bagels_by_KISS_1711726718.jpeg,"Charleston, Charleston County","Our journey begins each morning with crafting traditional New York-style bagels from scratch, using only the finest ingredients to ensure that perfect balance of chewy inside and crispy outside.",N/A,N/A,N/A
My Three Sons Heating & Air LLC,http://charleston.com/businesses/my-three-sons-heating-air-llc,https://charleston.com/media/com_jbusinessdirectory/pictures/companies/788/My_Three_Sons_Heating__1712598600.jpeg,"Hanahan, Berkeley County","Live your lifestyle more comfortably and get relief when you need it with local, professional heating and air conditioning services in the Charleston area.",N/A,N/A,N/A
GolfCart.Fun,http://charleston.com/businesses/golfcart-fun,https://charleston.com/media/com_jbusinessdirectory/pictures/companies/792/GolfCart.Fun_1714757023.jpeg,"Isle of Palms, Charleston County",Luxury Golf Cart Rentals in the Charleston Area,N/A,N/A,N/A
Modern Chiropractic,http://charleston.com/businesses/modern-chiropractic,https://charleston.com/media/com_jbusinessdirectory/pictures/companies/794/Modern_Chiropractic_1716387926.jpeg,"Charleston, Charleston County","Modern Chiropractic is a premier chiropractic center located on Johns Island in Charleston, featuring a top-rated doctor utilizing state-of-the-art technology and cutting-edge techniques.",N/A,N/A,N/A
Edisto Gold Honey,http://charleston.com/businesses/edisto-gold-honey,https://charleston.com/media/com_jbusinessdirectory/pictures/companies/795/Edisto_Gold_Honey_1717001820.jpeg,"Charleston, Charleston County","Hive-Made Happiness Handcrafted raw, unfiltered honey from the Lowcountry of South Carolina.",N/A,N/A,N/A
Let's Hibachi,http://charleston.com/businesses/let-s-hibachi,https://charleston.com/media/com_jbusinessdirectory/pictures/companies/797/Lets_Hibachi__1718287641.jpeg,"Charleston, Charleston County",The #1 Hibachi Catering Experience In Charleston! Let’s Eat. Let’s Laugh. Let’s Hibachi!,N/A,N/A,N/A
The Refuge,http://charleston.com/businesses/the-refuge,https://charleston.com/media/com_jbusinessdirectory/pictures/companies/799/The_Refuge_1718639714.jpeg,"Charleston, South Carolina",Tucked away from the hustle and bustle of Charleston sits The Refuge in Isle of Palms. This family owned and operated venue is sure to please all!,N/A,N/A,N/A
Bricks and Minifigs,http://charleston.com/businesses/bricks-and-minifigs,https://charleston.com/media/com_jbusinessdirectory/pictures/companies/800/Bricks_and_Minifigs_1718819551.jpeg,"Charleston, Charleston County","Your local LEGO Buy, Sell, Trade store!",N/A,N/A,N/A
Cigars of Charleston,http://charleston.com/businesses/cigars-of-charleston,https://charleston.com/media/com_jbusinessdirectory/pictures/companies/802/cigars-of-charleston_1719347434.jpeg,"Charleston, Charleston County",Cigars of Charleston is South Carolinas first premium cigar store and smoking lounge. We offer a wide assortment of premium hand-rolled cigars from the best manufacturers. Come in to either of our locations and check us out today!,N/A,N/A,N/A
Cigar Bar by Cigars of Charleston,http://charleston.com/businesses/cigar-bar-by-cigars-of-charleston,https://charleston.com/media/com_jbusinessdirectory/pictures/companies/803/Cigar_Bar_by_Cigars_of_Charleston_1719348421.jpeg,"Charleston, Charleston County",Cigar Bars available for weddings and events!,N/A,N/A,N/A
Homewood Suites Charleston Historic District,http://charleston.com/businesses/homewood-suites-charleston-historic-district,https://charleston.com/media/com_jbusinessdirectory/pictures/companies/806/Homewood_Suites_Charleston_Historic_District__1719864150.jpeg,"Charleston, Charleston County","Find us in the Charleston Historic District, steps from King Street’s boutique shops, nightlife, and dining. Entertainment and restaurants featuring Lowcountry fare and world-class cuisine are within a five-minute walk.",N/A,N/A,N/A
Craft-DIY,http://charleston.com/businesses/craft-diy,https://charleston.com/media/com_jbusinessdirectory/pictures/companies/809/Craft-DIY_1720623493.jpeg,"Charleston, Charleston County",Crafty DIY in Charleston South Carolina,N/A,N/A,N/A
Cachita's Kitchen,http://charleston.com/businesses/cachita-s-kitchen,https://charleston.com/media/com_jbusinessdirectory/pictures/companies/811/cachita-s-kitchen_1721399079.jpeg,"Mount Pleasant, Charleston County",Charleston&#039;s Best Mexican Food Truck! Catering + Events are available. #CachitasKitchen,N/A,N/A,N/A
Coastal Skillet,http://charleston.com/businesses/coastal-skillet,https://charleston.com/media/com_jbusinessdirectory/pictures/companies/813/coastal-skillet_1721934638.jpeg,"Charleston, Charleston County",Where Brunch is not just a meal but a lifestyle. Using locally sourced fresh ingredients. Bringing together classic dishes & cocktails with a Coastal Skillet spin.,N/A,N/A,N/A
The Charleston Shutter Bus,http://charleston.com/businesses/the-charleston-shutter-bus,https://charleston.com/media/com_jbusinessdirectory/pictures/companies/822/The_Charleston_Shutter_Bus_1727121924.jpeg,"Charleston, Charleston County","Book our 1967 VW bus for a fun photo shoot or a Photo Booth for your next event! The Charleston Shutter Bus, Wren, will add that true vintage vibe!",N/A,N/A,N/A
Barrier Island Fishing Charters,http://charleston.com/businesses/barrier-island-fishing-charters,https://charleston.com/media/com_jbusinessdirectory/pictures/companies/585/barrier_island_fishing_charters_01-1573593855.jpg,"Isle of Palms, South Carolina","Our guides are well experienced, patient, friendly, and have a deep passion for the ecosystem they work in.",N/A,N/A,N/A
Charleston International Film Festival,http://charleston.com/businesses/charleston-international-film-festival,https://charleston.com/media/com_jbusinessdirectory/pictures/companies/39/chsintfilmfestlogo-1476998153.jpg,"Charleston, South Carolina","The festival provides a premier showcase for all aspects of filmmaking: the art, the filmmaker, talented directors and actors, and the film-lover in all of us.",N/A,N/A,N/A
Bulldog Tours,http://charleston.com/businesses/bulldog-tours,https://charleston.com/media/com_jbusinessdirectory/pictures/companies/80/bulldog_tours_10-1571777536.jpg,"Charleston, South Carolina","Best walking tour in Charleston SC, ghost tour in charleston, things to do in charleston, things to do in charleston today, best tour company in charleston, must do in charleston, food tours in charleston, walking tour,",N/A,N/A,N/A
Yates Sea Charters,http://charleston.com/businesses/yates-sea-charters,https://charleston.com/media/com_jbusinessdirectory/pictures/companies/0/yates_sea_charters_wlogo-1593787157.png,"Charleston, South Carolina","Offshore, Inshore, Nearshore, Shipwreck, & Shark Fishing SC Fishing Charters by Charleston Fun Fishing. Our Charleston, SC fishing charter service includes guided offshore deep sea saltwater fishing as well as inshore fishing and near shore fishing.",N/A,N/A,N/A
Red's Icehouse | Shem Creek,http://charleston.com/businesses/red-s-icehouse-shem-creek,https://charleston.com/media/com_jbusinessdirectory/pictures/companies/48/bg01-1479935375.jpg,"Mount Pleasant, South Carolina","Stop in to Reds on Shem Creek in Mount Pleasant for a variety of seafood specials, great drink specials while sitting and watching sea life on shem creek.",N/A,N/A,N/A
Charleston Food Tours,http://charleston.com/businesses/charleston-food-tours,https://charleston.com/media/com_jbusinessdirectory/pictures/companies/321/charlestonfoodtours02-1489519837.jpg,"Charleston, South Carolina","Charleston is known for many things, and food is on the top of the list! The Holy City boasts a culinary school, renowned chefs, and countless incredible restaurants. We have 4 tours to choose from!",N/A,N/A,N/A
Springhill Suites Charleston Downtown / Riverview,http://charleston.com/businesses/springhill-suites-charleston-downtown-riverview,https://charleston.com/media/com_jbusinessdirectory/pictures/companies/57/springhillriverview01-1480438610.jpg,"Charleston, South Carolina","SpringHill Suites by Marriott Charleston Riverview, winner of Trip Advisor's 2013 Certificate of Excellence. Conveniently located near The Citadel, College of Charleston, Le Creuset, MUSC, Roper Hospital, downtown.",N/A,N/A,N/A
Touring Charleston SC with Amelia Whaley,http://charleston.com/businesses/touring-charleston-sc-with-amelia-whaley,https://charleston.com/media/com_jbusinessdirectory/pictures/companies/326/touringcharlestonsc001-1487739164.jpg,"Charleston, South Carolina","Touring Charleston, SC specializes in walking tours through Charleston’s historic district. Private walking tours of the historic district are also available and if desired, can be tailored according to interest.",N/A,N/A,N/A
Ashley Plumbing,http://charleston.com/businesses/ashley-plumbing,https://charleston.com/media/com_jbusinessdirectory/pictures/companies/248/ashleyplumbing01-1483715635.jpg,"Charleston, South Carolina",Ashley Plumbing Co. is a locally owned and operated team of expert plumbers that has been serving the Charleston area since 1982.We provide...,N/A,N/A,N/A
Courtyard Mt. Pleasant,http://charleston.com/businesses/courtyard-mt-pleasant,https://charleston.com/media/com_jbusinessdirectory/pictures/companies/59/courtyardmtpleasant01-1480439201.jpg,"Mount Pleasant, South Carolina",Courtyard by Marriott Charleston Mt. Pleasant is a beautiful oasis in South Carolina&#039;s Lowcountry. We offer exceptional personal attention to our guests along with Marriott amenities and services that make business travel easier and leisure travel a,N/A,N/A,N/A
Charleston City Paper,http://charleston.com/businesses/charleston-city-paper,https://charleston.com/media/com_jbusinessdirectory/pictures/companies/377/charlestoncitypaper-1493392455.jpg,"Charleston, South Carolina","Charleston&#039;s best source of entertainment, cuisine, and arts news.",N/A,N/A,N/A
Charleston Events,http://charleston.com/businesses/charleston-events,https://charleston.com/media/com_jbusinessdirectory/pictures/companies/408/genericeventbusinessprofile01-1501594266.jpg,"Charleston, South Carolina","Bringing you the Charleston area&#039;s top events. For more information about a specific event, please contact the number or visit the website listed...",N/A,N/A,N/A
My Father's Moustache,http://charleston.com/businesses/my-father-s-moustache,https://charleston.com/media/com_jbusinessdirectory/pictures/companies/0/myfathersmoustache01-1482419059.jpg,"Mount Pleasant, South Carolina","Serving the old favorites. English, Scottish, and Irish classics. The Stache is also East Cooper&#039;s soccer viewing headquarters, and we show all NFL games, college football, rugby, NBA, MLB, NHL, and more.",N/A,N/A,N/A
Trophy Lakes,http://charleston.com/businesses/trophy-lakes,https://charleston.com/media/com_jbusinessdirectory/pictures/companies/142/d49e8bf99b17badceaf5b5b48d935838-1482419203.jpeg,"Johns Island, South Carolina","Trophy Lakes, your watersports vacation destination since 1988. Trophy Lakes offers private waterski and wakeboard lessons, family lake rentals,...",N/A,N/A,N/A
Wyndham Ocean Ridge,http://charleston.com/businesses/wyndham-ocean-ridge,https://charleston.com/media/com_jbusinessdirectory/pictures/companies/0/wyndhamoceanridge01-1482867425.jpg,"Edisto Beach, South Carolina","Natural Carolina Beauty. Just off South Carolina&#039;s southern coast on Edisto Island, you&#039;ll find Wyndham Ocean Ridge, with 300 wooded acres of...",N/A,N/A,N/A
Charleston Battery Soccer,http://charleston.com/businesses/charleston-battery-soccer,https://charleston.com/media/com_jbusinessdirectory/pictures/companies/204/charleston-battery-soccer_1680524168.jpeg,"Mount Pleasant, Charleston County","The Charleston Battery are an American professional soccer club based in Charleston, South Carolina. Founded in 1993, the team plays in the United Soccer League (USL) Championship and is the oldest continuously-operating professional soccer club in",N/A,N/A,N/A
East Central Lofts,http://charleston.com/businesses/east-central-lofts,https://charleston.com/media/com_jbusinessdirectory/pictures/companies/0/eastcentrallofts03-1483038845.jpg,"Charleston, South Carolina",East Central Lofts Apartments delivers the only urban loft apartment homes in Downtown Charleston and welcomes savvy residents seeking an...,N/A,N/A,N/A
The Standard at James Island,http://charleston.com/businesses/the-standard-at-james-island,https://charleston.com/media/com_jbusinessdirectory/pictures/companies/0/thestandard01-1483039105.jpg,"Charleston, South Carolina","The Charleston island with an indie spirit. Edged by rivers and salt marsh, the James I. life + style is urban but closer to nature—Wappoo Creek...",N/A,N/A,N/A
The Watch on Shem Creek,http://charleston.com/businesses/the-watch-on-shem-creek,https://charleston.com/media/com_jbusinessdirectory/pictures/companies/0/thewatch01-1483039900.jpg,"Mount Pleasant, South Carolina","The Watch on Shem Creek, located in Mount Pleasant, is a waterfront community defined by a sense of casual coastal elegance, beautiful views and a...",N/A,N/A,N/A
"Riser, McLaurin, & Gibbons LLP",http://charleston.com/businesses/riser-mclaurin-gibbons-llp,https://charleston.com/media/com_jbusinessdirectory/pictures/companies/0/risermclauringibbons01-1483045955.jpg,"North Charleston, South Carolina","Riser, McLaurin &amp; Gibbons LLP is dedicated to delivering exceptional work coupled with unparalleled client service. Our expertise, innovation and...",N/A,N/A,N/A
College of Charleston,http://charleston.com/businesses/college-of-charleston,https://charleston.com/media/com_jbusinessdirectory/pictures/companies/0/collegeofcharleston05-1483049245.jpg,"Charleston, South Carolina","Located in the heart of historic Charleston, South Carolina, the College of Charleston is a nationally recognized public liberal arts and sciences...",N/A,N/A,N/A
Medical University of South Carolina,http://charleston.com/businesses/medical-university-of-south-carolina,https://charleston.com/media/com_jbusinessdirectory/pictures/companies/0/musc05-1483110650.jpg,"Charleston, South Carolina","The Medical University of South Carolina (MUSC) opened in Charleston, South Carolina in 1824 as a small private college for the training of...",N/A,N/A,N/A
Trident Technical College,http://charleston.com/businesses/trident-technical-college,https://charleston.com/media/com_jbusinessdirectory/pictures/companies/220/tridenttechnicalcollege01-1483111696.jpg,"North Charleston, South Carolina",Choosing the right college is an important decision and can be a large investment. Trident Technical College makes the decision-making process...,N/A,N/A,N/A
Greater Charleston Restaurant Association,http://charleston.com/businesses/greater-charleston-restaurant-association,https://charleston.com/media/com_jbusinessdirectory/pictures/companies/226/gcra01-1483464173.jpg,"Charleston, South Carolina","The Greater Charleston Restaurant Association, Inc (GCRA) is a nonpartisan, not-for-profit trade organization serving the Charleston area...",N/A,N/A,N/A
Charleston Marathon,http://charleston.com/businesses/charleston-marathon,https://charleston.com/media/com_jbusinessdirectory/pictures/companies/228/charlestonmarathon03-1483470318.jpg,"Charleston, South Carolina","The Charleston marathon is scenic 26.2-mile run that will showcase the beauty and the history of the Lowcountry, starting in downtown Charleston...",N/A,N/A,N/A
Charleston Jazz,http://charleston.com/businesses/charleston-jazz,https://charleston.com/media/com_jbusinessdirectory/pictures/companies/227/charleston_jazz_10-1566230184.jpg,"North Charleston, South Carolina","Charleston Jazz is a non-profit organization whose mission is to promote musical awareness and education including the recognition and preservation of the history of jazz in the Lowcountry through performances, special events, and education.",N/A,N/A,N/A
Comcast,http://charleston.com/businesses/comcast,https://charleston.com/media/com_jbusinessdirectory/pictures/companies/0/comcast03-1483480067.jpg,"Mount Pleasant, South Carolina","Comcast Cable is one of the nation&#039;s largest video, high-speed Internet and phone providers to residential customers under the XFINITY brand and...",N/A,N/A,N/A
Johnson's Moving and Storage,http://charleston.com/businesses/johnson-s-moving-and-storage,https://charleston.com/media/com_jbusinessdirectory/pictures/companies/0/johnsonsmovingandstorage01-1483480655.jpg,"North Charleston, South Carolina",We offer all the services you need to move your entire house so you won&#039;t have to do any of the work. Whether you&#039;re moving across town or within...,N/A,N/A,N/A
U-Haul,http://charleston.com/businesses/u-haul,https://charleston.com/media/com_jbusinessdirectory/pictures/companies/0/uhaul01-1483480915.jpg,"Charleston, South Carolina","Moving to or from Charleston, SC, 29403? Get FREE truck rental rate quotes at U-Haul Moving &amp; Storage at King St. U-Haul rental trucks are...",N/A,N/A,N/A
Central Square at Watermark,http://charleston.com/businesses/central-square-at-watermark,https://charleston.com/media/com_jbusinessdirectory/pictures/companies/241/centralsquareapartments01-1483512462.jpg,"Mount Pleasant, South Carolina","Central Square at Watermark offers a truly unique living experience in Mt. Pleasant. Designed to the highest standards and offering a distinctly urban lifestyle in a convenient suburban setting, there is no one quite like us in the Charleston area.",N/A,N/A,N/A
Charleston Music School,http://charleston.com/businesses/charleston-music-school,https://charleston.com/media/com_jbusinessdirectory/pictures/companies/288/charlestonmusicschool01-1484846191.jpg,"Charleston, South Carolina",Charleston Music School provides its community with a high level of music education. Students will find qualified and experienced music teachers...,N/A,N/A,N/A
North Charleston Arts Fest,http://charleston.com/businesses/north-charleston-arts-fest,https://charleston.com/media/com_jbusinessdirectory/pictures/companies/364/northcharlestonartsfestival04-1492705129.jpg,"North Charleston, South Carolina",The North Charleston Arts Fest is proudly produced by the City of North Charleston Cultural Arts Department. The annual multi-day celebration of...,N/A,N/A,N/A
Quarterdeck at James Island,http://charleston.com/businesses/quarterdeck-at-james-island,https://charleston.com/media/com_jbusinessdirectory/pictures/companies/243/quarterdeckatjamesisland01-1483632903.jpg,"Charleston, South Carolina","Discover convenience and abundant features and amenities that can be found only at Quarterdeck at James Island apartment homes on James Island,...",N/A,N/A,N/A
CubeSmart Self Storage,http://charleston.com/businesses/cubesmart-self-storage,https://charleston.com/media/com_jbusinessdirectory/pictures/companies/245/cubesmartselfstorage04-1483635297.jpg,"Charleston, South Carolina","At CubeSmart, our goal is to deliver the best storage experience for our customers. In addition to premium storage solutions, we partner with a...",N/A,N/A,N/A
Charleston Electric,http://charleston.com/businesses/charleston-electric,https://charleston.com/media/com_jbusinessdirectory/pictures/companies/0/charlestonelectric01-1483716829.jpg,"Charleston, South Carolina",Charleston Electric is a locally owned and operated electrical contractor. Our electricians are fully equiped to handle any residential or...,N/A,N/A,N/A
DLV Roofing,http://charleston.com/businesses/dlv-roofing,https://charleston.com/media/com_jbusinessdirectory/pictures/companies/251/dlvroofing01-1483717470.jpg,"Charleston, South Carolina",DLV Roofing has been serving our customers’ needs with three generations of experience in the roofing industry for the last 25 years. From...,N/A,N/A,N/A
Jantzen Lock & Safe Co.,http://charleston.com/businesses/jantzen-lock-safe-co,https://charleston.com/media/com_jbusinessdirectory/pictures/companies/0/jantzenlockandsafe01-1483718068.jpg,"Charleston, South Carolina",Family-Owned and -Operated Charleston Locksmiths Jantzen Lock &amp; Safe Company has been key-master locksmiths since 1864. With over 150 years of...,N/A,N/A,N/A
McGuire's Fine Carpentry,http://charleston.com/businesses/mcguire-s-fine-carpentry,https://charleston.com/media/com_jbusinessdirectory/pictures/companies/0/mcguiresfinecarpentry01-1483718326.jpg,"Mount Pleasant, South Carolina",Your home is one of your most prized possessions. It&#039;s a place where you can unwind and be yourself. Studies show that your home should...,N/A,N/A,N/A
Salerno Custom Masonry,http://charleston.com/businesses/salerno-custom-masonry,https://charleston.com/media/com_jbusinessdirectory/pictures/companies/254/customsurfaceandmasonry01-1483718922.jpg,"North Charleston, South Carolina","Salerno Custom Masonry produces works of art in both masonry and in concrete. The owner, Raffaele Verderame, loves his work. He is a master mason...",N/A,N/A,N/A
Certapro Painters of Charleston,http://charleston.com/businesses/certapro-painters-of-charleston,https://charleston.com/media/com_jbusinessdirectory/pictures/companies/265/certapropainters01-1483728593.jpg,"Charleston, South Carolina","CertaPro Painters of Charleston, SC’s painting contractor team is made of true professionals who take great pride in all of their painting...",N/A,N/A,N/A
Charleston School of Law,http://charleston.com/businesses/charleston-school-of-law,https://charleston.com/media/com_jbusinessdirectory/pictures/companies/0/thechartgroup1-1483733037.jpg,"Charleston, South Carolina",The Charleston School of Law offers students the unique opportunity to study the time-honored practice of law amid the beauty and grace of one of...,N/A,N/A,N/A
Paul Mitchell The School,http://charleston.com/businesses/paul-mitchell-the-school,https://charleston.com/media/com_jbusinessdirectory/pictures/companies/0/8a88a8fd9a75266a51194c17CHARLESTON-1483734596.jpg,"North Charleston, South Carolina","Choosing a beauty school is a big decision, but it should also be a fun one! Students tell us all the time that the moment they walked through our...",N/A,N/A,N/A
Synagogue Emanu-El,http://charleston.com/businesses/synagogue-emanu-el,https://charleston.com/media/com_jbusinessdirectory/pictures/companies/270/synagogueemanuel03-1483995773.jpg,"Charleston, South Carolina","Jews first settled in Charleston in 1695, establishing one of the first ongoing synagogues in the New World. Synagogue Emanu-El was founded in...",N/A,N/A,N/A
St. Michael's Church,http://charleston.com/businesses/st-michael-s-church,https://charleston.com/media/com_jbusinessdirectory/pictures/companies/0/stmichaels03-1483996635.jpg,"Charleston, South Carolina","We are the oldest church edifice in the City of Charleston, standing on the site of the first Anglican Church built south of Virginia. We exist...",N/A,N/A,N/A
Seacoast Church,http://charleston.com/businesses/seacoast-church,https://charleston.com/media/com_jbusinessdirectory/pictures/companies/272/seacoast04-1483996941.jpg,"Mount Pleasant, South Carolina","Seacoast has grown over the past 25 years into one church with thirteen different locations. Even though we’re a large church, we like to think...",N/A,N/A,N/A
Kahal Kadosh Beth Elohim,http://charleston.com/businesses/kahal-kadosh-beth-elohim,https://charleston.com/media/com_jbusinessdirectory/pictures/companies/0/kkbe02-1483997187.jpg,"Charleston, South Carolina","Kahal Kadosh Beth Elohim (KKBE) is more than just a house of worship. We are a vibrant, inclusive and caring congregational family. KKBE is...",N/A,N/A,N/A
James Island Baptist Church,http://charleston.com/businesses/james-island-baptist-church,https://charleston.com/media/com_jbusinessdirectory/pictures/companies/0/jibaptistchurch03-1483998417.jpg,"Charleston, South Carolina",SERVICE TIMES 9:45am Sunday’s Adult Connection Groups Preschool (Infant – K5) Children (1st – 5th grade) Youth (6th – 12th...,N/A,N/A,N/A
Hindu Temple and Cultural Center,http://charleston.com/businesses/hindu-temple-and-cultural-center,https://charleston.com/media/com_jbusinessdirectory/pictures/companies/275/hindutemple01-1483998900.jpg,"Charleston, South Carolina","Sanatan Dharma means eternal religion. Sanatan Dharma, commonly known as the Hindu faith, is unique in several respects. The Hindu faith does...",N/A,N/A,N/A
Charleston Tibetan Society,http://charleston.com/businesses/charleston-tibetan-society,https://charleston.com/media/com_jbusinessdirectory/pictures/companies/0/tibetansociety03-1483999157.jpg,"Charleston, South Carolina",Charleston Tibetan Society is a non-profit religious and educational organization under the spiritual direction of Geshe Dakpa Topgyal. It was...,N/A,N/A,N/A
Central Mosque of Charleston,http://charleston.com/businesses/central-mosque-of-charleston,https://charleston.com/media/com_jbusinessdirectory/pictures/companies/0/centralmosque02-1483999901.jpg,"Charleston, South Carolina","The Central Mosque of Charleston, situated at 1082 King Street, in downtown Charleston, is a house of worship of God for people with ethnic...",N/A,N/A,N/A
Mother Emanuel A.M.E.,http://charleston.com/businesses/mother-emanuel-a-m-e,https://charleston.com/media/com_jbusinessdirectory/pictures/companies/0/CharlestonEmanuuelAMEChurchshooting-1484167342.jpg,"Charleston, South Carolina","Emanuel African Methodist Episcopal (AME) Church is the oldest AME church in the south. It is referred to as ""Mother Emanuel"". Emanuel has one of...",N/A,N/A,N/A
Applied Continuing Education,http://charleston.com/businesses/applied-continuing-education,https://charleston.com/media/com_jbusinessdirectory/pictures/companies/287/appliedcontinuingeducation03-1484845908.jpg,"Charleston, South Carolina",The foundation of Applied Continuing Education&#039;s mission is our commitment to maximize your learning experience and promote professional growth...,N/A,N/A,N/A
Code One Training Solutions,http://charleston.com/businesses/code-one-training-solutions,https://charleston.com/media/com_jbusinessdirectory/pictures/companies/289/codeonetrainingsolutions02-1484846432.jpg,"Charleston, South Carolina","Code One Training Solutions, LLC is an American Heart Association Training Center providing CPR, First Aid, and Advanced Life Support...",N/A,N/A,N/A
Fear No Easel,http://charleston.com/businesses/fear-no-easel,https://charleston.com/media/com_jbusinessdirectory/pictures/companies/291/fearnoeasel01-1484846998.jpg,"Mount Pleasant, South Carolina",Fear No Easel is the artistic and social creation of Les and Gina Orr. Living and working in the Charleston area has brought them to love the...,N/A,N/A,N/A
James Island Driving School,http://charleston.com/businesses/james-island-driving-school,https://charleston.com/media/com_jbusinessdirectory/pictures/companies/292/jamesislanddrivingschool01-1484847204.jpg,"Charleston, South Carolina",James Island Driving School exists to help make you safe and confident behind the wheel. Our classes are fully certified by the SC-DMV and AAA...,N/A,N/A,N/A
Charleston Wine + Food Festival,http://charleston.com/businesses/charleston-wine-food-festival,https://charleston.com/media/com_jbusinessdirectory/pictures/companies/297/charleston-wine-food-festival_1741368470.jpeg,"Charleston, South Carolina",Charleston Wine + Food Amps Up Culinary Village Offerings: More Food + More Wine + More Music + More Fun,N/A,N/A,N/A
Front Beach Fest,http://charleston.com/businesses/front-beach-fest,https://charleston.com/media/com_jbusinessdirectory/pictures/companies/299/frontbeachfest01-1485550752.jpg,"Isle of Palms, South Carolina","Saturday, March 4, 2017 12:00pm - 4:00pm FRONT BEACH ISLE OF PALMS FREE ADMISSION The City of Isle of Palms brings in the spring season with a...",N/A,N/A,N/A
Historic Charleston Foundation,http://charleston.com/businesses/historic-charleston-foundation,https://charleston.com/media/com_jbusinessdirectory/pictures/companies/302/festivalofhousesandgardens02-1486419049.jpg,"Charleston, South Carolina","Established in 1947, Historic Charleston Foundation is dedicated to preserving and protecting the architectural, historical and cultural character...",N/A,N/A,N/A
Lexus Charleston Fashion Week,http://charleston.com/businesses/lexus-charleston-fashion-week,https://charleston.com/media/com_jbusinessdirectory/pictures/companies/303/charlestonfashionweek02-1486419906.jpg,"Charleston, South Carolina","March 14 - 18/2017 Marion Square Historic Downtown Charleston, South Carolina Showcasing emerging designer and model talent across the East...",N/A,N/A,N/A
Charleston Family Photographer | C. S. Nelson Photography,http://charleston.com/businesses/c-s-nelson-photography,https://charleston.com/media/com_jbusinessdirectory/pictures/companies/308/c-s-nelson-photography_1716229431.jpeg,"Johns Island, South Carolina","Are you looking for beautiful wedding photography, family portraits, bridal portraits, or engagement portraits? Chris Nelson of C. S. Nelson...",N/A,N/A,N/A
Cooper River Bridge Run,http://charleston.com/businesses/cooper-river-bridge-run,https://charleston.com/media/com_jbusinessdirectory/pictures/companies/313/cropped-1603379074.jpeg,"Mount Pleasant, South Carolina",The Cooper River Bridge Run is the best organized and best conducted 10-K race in the world. It includes world-class competition in a unique...,N/A,N/A,N/A
St. Patrick's Day Block Party | North Charleston,http://charleston.com/businesses/st-patrick-s-day-block-party-north-charleston,https://charleston.com/media/com_jbusinessdirectory/pictures/companies/315/stpatricksblockparty01-1486664925.jpg,"North Charleston, South Carolina","Come join the biggest St. Patrick’s Day celebration in the Lowcountry on Saturday, March 11, 2017, in the Olde Village of North Charleston...",N/A,N/A,N/A
Charleston Tells Concert Series,http://charleston.com/businesses/charleston-tells-concert-series,https://charleston.com/media/com_jbusinessdirectory/pictures/companies/316/charlestontellsconcertseries02-1486666237.jpg,"Charleston, South Carolina","After four years of successful multi-day storytelling festivals, Charleston Tells will extend the power of performance through a quarterly concert...",N/A,N/A,N/A
"Elite Family Chiropractic: Brad Gorski, DC",http://charleston.com/businesses/elite-family-chiropractic,https://charleston.com/media/com_jbusinessdirectory/pictures/companies/318/elitefamilychiropractic01-1506023839.jpg,"Charleston, South Carolina","At Elite Family Chiropractic LLC. dba Charleston Spine &amp; Injury Center in Charleston, South Carolina, Brad Gorski DC, FSBT is a top-ranked...",N/A,N/A,N/A
Charleston Crab House,http://charleston.com/businesses/charleston-crab-house,https://charleston.com/media/com_jbusinessdirectory/pictures/companies/330/crabhouse001-1490111863.jpg,"Charleston, South Carolina","Founded in 1991, Charleston Crab House has been “Family Owned for more than 30 Years & Still Crackin”. Fresh Lowcountry seafood is served everyday in our casual, family friendly Charleston seafood restaurant. Indoor & outdoor seating is offered.",N/A,N/A,N/A
Folly Beach County Park,http://charleston.com/businesses/folly-beach-county-park,https://charleston.com/media/com_jbusinessdirectory/pictures/companies/332/follybeachcountypark02-1490036809.jpg,"Folly Beach, South Carolina","On the west end of the island, situated between the Atlantic Ocean and the Folly River, beachgoers will find Folly Beach County Park. Lifeguards...",N/A,N/A,N/A
ReVIVAissance,http://charleston.com/businesses/revivaissance,https://charleston.com/media/com_jbusinessdirectory/pictures/companies/340/revivaissance001-1490887712.jpg,"North Charleston, South Carolina","We are a faith based organization that offers encouragement and resource suggestions for Parents who want to Equip their kids with a Christ-center life and a love of learning in a STEAM focus, that will lead them to success in their area of study.",N/A,N/A,N/A
Riverfront Park,http://charleston.com/businesses/riverfront-park,https://charleston.com/media/com_jbusinessdirectory/pictures/companies/343/riverfrontpark03-1491318877.jpg,"North Charleston, South Carolina",Riverfront Park is open to the public year-round and has become a favorite destination for residents and visitors. Set on the banks of the...,N/A,N/A,N/A
Greek Orthodox Church of the Holy Trinity,http://charleston.com/businesses/greek-orthodox-church-of-the-holy-trinity,https://charleston.com/media/com_jbusinessdirectory/pictures/companies/346/holytrinitygreekorthodox01-1491580913.jpg,"Charleston, South Carolina",The Greek Orthodox Church of the Holy Trinity at 30 Race Street opened in 1953 replacing the first Greek Orthodox church in South Carolina which...,N/A,N/A,N/A
The Charleston Channel,http://charleston.com/businesses/tour-video-network,https://charleston.com/media/com_jbusinessdirectory/pictures/companies/357/charleston_final_no_url-1596656604.jpg,"Johns Island, South Carolina","The Charleston Channel is a hotel-based in-room visitor&#039;s channel that runs in Charleston, SC. This in-room product is the best way to catch your...",N/A,N/A,N/A
Celadon,http://charleston.com/businesses/celadon,https://charleston.com/media/com_jbusinessdirectory/pictures/companies/359/celadon03-1492525625.jpg,"Mount Pleasant, South Carolina","Celadon brings an innovative, eclectic, fresh take on home furnishings. Quality, solid-wood furniture built with clean, simplistic, European lines...",N/A,N/A,N/A
Tall Ships Charleston,http://charleston.com/businesses/tall-ships-charleston,https://charleston.com/media/com_jbusinessdirectory/pictures/companies/365/tallshipscharleston03-1492708890.jpg,"North Charleston, South Carolina","3-Day Maritime Tall Ships® Festival, and official port of the Tall Ships Challenge® Atlantic Coast 2017 Series. Free admission to festival...",N/A,N/A,N/A
Deep Water Vineyard,http://charleston.com/businesses/deep-water-vineyard,https://charleston.com/media/com_jbusinessdirectory/pictures/companies/369/deepwatervineyard007-1527698495.jpg,"Wadmalaw Island, South Carolina","Deep Water winery is a name with many meanings. First and foremost you&#039;ll hear the term ""deep water"" in the Lowcountry as coveted access beyond the pluff mud of the marsh. Click for more information.",N/A,N/A,N/A
Charleston Waterkeeper,http://charleston.com/businesses/charleston-waterkeeper,https://charleston.com/media/com_jbusinessdirectory/pictures/companies/378/charlestonwaterkeeper-1493394134.jpg,"Charleston, Charleston","Founded in 2008 and incorporated in 2009, we are a Charleston, South Carolina based organization whose mission is to protect, promote, and restore...",N/A,N/A,N/A
Oyster House Seafood Restaurant,http://charleston.com/businesses/oyster-house-on-market,https://charleston.com/media/com_jbusinessdirectory/pictures/companies/381/cropped-1627486102.jpeg,"Charleston, South Carolina",Oyster House on Market is located in the heart of the French Quarter in downtown Charleston. It is a meeting place for locals and visitors alike.,N/A,N/A,N/A
Alex Radin Fine Art,http://charleston.com/businesses/alex-radin-fine-art,https://charleston.com/media/com_jbusinessdirectory/pictures/companies/393/alexradinmain-1496602382.jpg,"Charleston, South Carolina","A hand balancing a house of cards, a key dangling in front of a birch wood forrest, flowers growing out of a rusty old boiler, these are the types...",N/A,N/A,N/A
ABC News 4,http://charleston.com/businesses/abc-news-4,https://charleston.com/media/com_jbusinessdirectory/pictures/companies/395/abc4set-1500407242.png,"Mount Pleasant, South Carolina","WCIV ABC News 4 is a Mount Pleasant based television station delivering viewers of the Lowcountry breaking news, current events, local and...",N/A,N/A,N/A
Terrace Theater,http://charleston.com/businesses/terrace-theater,https://charleston.com/media/com_jbusinessdirectory/pictures/companies/404/terracetheater04-1499967990.jpg,"Charleston, South Carolina",Our theater is based on the belief that our customers&#039; needs are of the utmost importance. Our entire staff is committed to meeting those needs....,N/A,N/A,N/A
Charleston Library Society,http://charleston.com/businesses/charleston-library-society,https://charleston.com/media/com_jbusinessdirectory/pictures/companies/427/charlestonlibrarysociety01-1506434340.jpg,"Charleston, South Carolina","The Charleston Library Society is a cultural institution for life-long learning, serving its members, the Lowcountry community and scholars...",N/A,N/A,N/A
Threshold Repertory Theatre,http://charleston.com/businesses/threshold-repertory-theatre,https://charleston.com/media/com_jbusinessdirectory/pictures/companies/428/thresholdrepertorytheater01-1506443225.jpg,"Charleston, South Carolina",Threshold Repertory Theatre exists to inspire and excite the public through the shared experience of boldly visionary presentations of classic and...,N/A,N/A,N/A
Residence Inn Charleston Downtown / Riverview,http://charleston.com/businesses/residence-inn-charleston-downtown-riverview,https://charleston.com/media/com_jbusinessdirectory/pictures/companies/435/residenceinnriverview01-1507036071.jpg,"Charleston, South Carolina","The award winning Residence Inn Marriott Charleston Downtown/Riverview offers spacious king studio, 1 & 2 bedroom suites equipped with full kitchens with room to eat, work, & dream. Located just 1.5 miles from the historic district.",N/A,N/A,N/A
TownPlace Suites Charleston Airport / Convention Center,http://charleston.com/businesses/townplace-suites-charleston-airport-convention-center,https://charleston.com/media/com_jbusinessdirectory/pictures/companies/436/townplacesuites01-1507036526.jpg,"North Charleston, South Carolina","Experience the NEW TownePlace Suites by Marriott® hotel in Charleston. Modernly designed and ideally located, our extended stay hotel in North Charleston is within walking distance to many great dining options and shopping at Tanger Outlets",N/A,N/A,N/A
The Migraine Treatment Center,http://charleston.com/businesses/the-migraine-treatment-center,https://charleston.com/media/com_jbusinessdirectory/pictures/companies/491/migrainetreatmentcenter01-1527794844.jpg,"Mount Pleasant, South Carolina",Migraines? Facial Pain? Cluster Headaches? New treatment options offer hope and relief. &nbsp; Many people will have experienced some stress and...,N/A,N/A,N/A
Jesse's Well & Pump Repair,http://charleston.com/businesses/jesse-s-well-pump-repair,https://charleston.com/media/com_jbusinessdirectory/pictures/companies/511/jessewell07-1537889594.jpg,"Gaston, South Carolina","Were the local small-town guys that go the extra mile for you! No job is too big or small. We get the job done in a agreed upon time-frame, and...",N/A,N/A,N/A
Julian Smith Glioblastoma Research Fund,http://charleston.com/businesses/julian-smith-glioblastoma-research-fund,https://charleston.com/media/com_jbusinessdirectory/pictures/companies/513/jesglioblastomaresearchfund04-1539965215.jpg,"Charleston, South Carolina","Julian Smith, the Director of Charleston&#039;s Cooper River Bridge Run, is facing the fight of his life. Meanwhile, he&#039;s doing everything he can to...",N/A,N/A,N/A
Traveling Literary Theater,http://charleston.com/businesses/traveling-literary-theater,https://charleston.com/media/com_jbusinessdirectory/pictures/companies/519/travelingliterarytheater15-1542303082.jpg,"Charleston, South Carolina","Theater has been bringing classic literature to audiences with characterization readings. Fully costumed, each production brings the authentic written word to life through carefully crafted delivery and story selection. All actors are professionally train",N/A,N/A,N/A
The Cake Stand,http://charleston.com/businesses/the-cake-stand,https://charleston.com/media/com_jbusinessdirectory/pictures/companies/523/cakestand12-1545405255.jpg,"Charleston, -","A special-order bakery concentrated on making fresh, made-from-scratch products. The Cake Stand specializes in cakes for all occasions, making sure to satisfy all your needs and your sweet tooth.",N/A,N/A,N/A
Homewood Suites by Hilton North Charleston,http://charleston.com/businesses/homewood-suites-by-hilton-north-charleston,https://charleston.com/media/com_jbusinessdirectory/pictures/companies/530/homewoodsuitesnorthwoods003-1555942250.jpg,"North Charleston, South Carolina",Our Homewood Suites by Hilton North Charleston Hotel offers the comforts of home perfect for an extended stay or a weekend getaway. Our welcoming hotel offers both business and leisure travelers a central North Charleston location.,N/A,N/A,N/A
DoubleTree by Hilton Hotel & Suites Charleston Airport,http://charleston.com/businesses/doubletree-by-hilton-hotel-suites-charleston-airport,https://charleston.com/media/com_jbusinessdirectory/pictures/companies/531/doubletreenorthwoods43-1555942748.jpg,"North Charleston, South Carolina","Enjoy a warm welcome at DoubleTree by Hilton Hotel & Suites Charleston Airport in South Carolina. Located off I-26, our central location sets guests close to the Mount Pleasant/Isle of Palms area and West Ashley/James Island.",N/A,N/A,N/A
Terrace Oaks Antiques,http://charleston.com/businesses/terrace-oaks-antiques,https://charleston.com/media/com_jbusinessdirectory/pictures/companies/537/terraceoaks01-1555007991.jpg,"Charleston, South Carolina","Located just ten minutes from downtown Charleston with ample free parking, Terrace Oaks Antiques is the Lowcountry’s first antique mall.",N/A,N/A,N/A
SNAP Integrations,http://charleston.com/businesses/snap-integrations,https://charleston.com/media/com_jbusinessdirectory/pictures/companies/539/snapintegrations03-1556287073.jpg,"Charleston, South Carolina","SNAP Integrations is a team of dedicated security professionals with a combined 30+ years in the security, technology, IT, and electronic communication industries. Coupled with our Lowcountry local security experience, the technology, service, and instal",N/A,N/A,N/A
Southern Flavor Magazine,http://charleston.com/businesses/southern-flavor-magazine,https://charleston.com/media/com_jbusinessdirectory/pictures/companies/541/southernflavormagazine01-1557777399.jpg,"Mount Pleasant, South Carolina",Southern Flavor Magazine was created by a team of lowcountry entrepreneurs that wanted to bring in-depth coverage of the Lowcountry as a whole to...,N/A,N/A,N/A
Magnolia Plantation & Gardens | Weddings,http://charleston.com/businesses/magnolia-plantation-and-gardens-weddings,https://charleston.com/media/com_jbusinessdirectory/pictures/companies/545/magnoliaplantationweddings09-1559161616.jpg,"Charleston, South Carolina",Magnolia’s historic acres are home to more wedding-related events than anywhere else in the South. The plantation and gardens are nature preserves rooted in the rich history and deep Southern culture,N/A,N/A,N/A
Pop The Bubbly Events,http://charleston.com/businesses/pop-the-bubbly-events,https://charleston.com/media/com_jbusinessdirectory/pictures/companies/571/pop_the_bubbly_29-1568213556.jpg,"Charleston, South Carolina",Let Pop the Bubbly’s experienced coordinators take the stress out of planning your next celebration!,N/A,N/A,N/A
Blacktree Music Group,http://charleston.com/businesses/blacktree-music-group,https://charleston.com/media/com_jbusinessdirectory/pictures/companies/576/blacktree_music_group_07-1571859173.jpg,"Johns Island, South Carolina","Scott Sain from Charleston, SC has been in the entertainment business for 25+ years. His experience as the band leader for PlaneJane and as a DJ will make your event unforgettable!",N/A,N/A,N/A
Sleep Better South Carolina,http://charleston.com/businesses/sleep-better-sc,https://charleston.com/media/com_jbusinessdirectory/pictures/companies/581/sleep_better_sc_04-1572898922.jpg,"Charleston, South Carolina",Dr. Blalock offers treatment for both snoring and sleep apnea. We want you to know that in our office you can expect to be treated with respect at all times.,N/A,N/A,N/A
The Willows at Red Oak Recovery,http://charleston.com/businesses/the-willows-at-red-oak-recovery,https://charleston.com/media/com_jbusinessdirectory/pictures/companies/583/womens_wellness_conference-1573066577.jpg,"Charleston, South Carolina","The Willows at Red Oak Recovery® is a clinically dynamic, trauma intensive substance abuse and mental health treatment program designed specifically for the unique needs of young adult women, ages 18 to 30.",N/A,N/A,N/A
Krazy Owls,http://charleston.com/businesses/2020-04-11-00-00-30,https://charleston.com/media/com_jbusinessdirectory/pictures/companies/0/Krazyowls_-1586562534.png,"Charleston, South Carolina","Some people know when to give up. Others know when they are beaten. Krazy owls founder Al Thompson isn’t that smart, in fact, his nickname,...",N/A,N/A,N/A
lightning Bug,http://charleston.com/businesses/lightning-bug,https://charleston.com/media/com_jbusinessdirectory/pictures/no_image.jpg,"Charleston, South Carolina",Low Speed Vehical and Golf Rentals,N/A,N/A,N/A
Lightning Bugz Rentals,http://charleston.com/businesses/lightning-bug-2,https://charleston.com/media/com_jbusinessdirectory/pictures/companies/653/lightning_bugz_icon-1593711454.jpg,"Charleston, South Carolina","Lightning Bugz Rentals provides affordable, eco-friendly Low Speed Vehicles and Charleston golf cart rentals to vacationers and commercial businesses. We take the hassle out of getting around your destination.",N/A,N/A,N/A
Dolphin Watersports,http://charleston.com/businesses/dolphin-watersports,https://charleston.com/media/com_jbusinessdirectory/pictures/companies/654/dolphin_watersports_04-1593786031.jpg,"Charleston, South Carolina","Jet ski rentals with or without a guide in Charleston, SC",N/A,N/A,N/A
Carolina Health Care,http://charleston.com/businesses/carolina-health-care,https://charleston.com/media/com_jbusinessdirectory/pictures/companies/673/cropped-1618410230.jpeg,"Charleston, South Carolina","A personal care aide from Carolina Health Care can help you make the most of the Golden Years as you or your family member face a small hurdle or learn to cope with something more challenging, like diabetes or Alzheimer’s disease.",N/A,N/A,N/A
East Winds,http://charleston.com/businesses/east-winds,https://charleston.com/media/com_jbusinessdirectory/pictures/companies/682/cropped-1628624418.jpeg,"Summerville, South Carolina",East Winds,N/A,N/A,N/A
Nina Belle's Boutique,http://charleston.com/businesses/nina-belle-s-boutique,https://charleston.com/media/com_jbusinessdirectory/pictures/companies/684/cropped-1628626022.jpeg,"Summerville, South Carolina",Nina Belle&#039;s Boutique is located in the historic district of Summerville.,N/A,N/A,N/A
Train Town Toy and Hobby,http://charleston.com/businesses/train-town-toy-and-hobby,https://charleston.com/media/com_jbusinessdirectory/pictures/companies/685/cropped-1628626515.jpeg,"Summerville, South Carolina","Train Town Toy & Hobby is the Charleston area&#039;s best source for model trains in sizes O, HO and N. We are located in historic downtown Summerville, South Carolina, just two miles south of Interstate 26, off of Main Street.",N/A,N/A,N/A
Kotary | Robotic Implant Center,http://charleston.com/businesses/kotary-robotic-implant-center,https://charleston.com/media/com_jbusinessdirectory/pictures/companies/721/kotary-robotic-implant-center_1664910557.jpeg,"Charleston, Charleston County","We are a boutique practice that delivers concierge-style treatment to each and every patient. Dr. Eddie Kotary and his team work together to ensure every patient receives a personalized, caring approach utilizing the most innovative techniques...",N/A,N/A,N/A
Morgan Greb Photography,http://charleston.com/businesses/morgan-greb-photography,https://charleston.com/media/com_jbusinessdirectory/pictures/companies/730/Morgan_Greb_Photography_1670435953.jpeg,"Charleston, South Carolina","Photography that Tells a Story There is beauty in a posed photo. But I find the most memorable photos are captured in a moment of joy. We get to live this beautiful life exactly one time, and when you look back at your pictures...",N/A,N/A,N/A
Coastal Limo,http://charleston.com/businesses/coastal-limo,https://charleston.com/media/com_jbusinessdirectory/pictures/companies/766/Coastal_Limo_1697130063.jpeg,"North Charleston, Charleston County","Coastal Limo brings over a decade of experience providing luxury transportation to locals, business travelers, corporate groups, and weddings.",N/A,N/A,N/A
Mount Pleasant Maids,http://charleston.com/businesses/mount-pleasant-maids,https://charleston.com/media/com_jbusinessdirectory/pictures/companies/768/Mount_Pleasant_Maids_1701368859.jpeg,"Mount Pleasant, Charleston County",Mount Pleasant Maids/ Best maid servivs in charleston,N/A,N/A,N/A
Charleston Healing Center,http://charleston.com/businesses/charleston-healing-center,https://charleston.com/media/com_jbusinessdirectory/pictures/companies/783/Charleston_Healing_Center_1711389742.jpeg,"Charleston, Charleston County","At Charleston Healing Center, we are a passionate team dedicated to promoting health and well-being through our high-quality CBD products.",N/A,N/A,N/A
Angel Oak Tree,http://charleston.com/businesses/angel-oak-tree,https://charleston.com/media/com_jbusinessdirectory/pictures/companies/784/Angel_Oak_Tree_1711547645.jpeg,"Johns Island, Charleston County",You can visit the majestic Angel Oak at Angel Oak Park in Johns Island. Admission is Free! Open 7 days a week.,N/A,N/A,N/A
VIVA Tacos & Tequila,http://charleston.com/businesses/viva-tacos-tequila,https://charleston.com/media/com_jbusinessdirectory/pictures/companies/796/VIVA_Tacos__1718213653.jpeg,"Charleston, Berkeley County",Family owned taco kitchen + tequilera from a team with over 35 years of restaurant experience.,N/A,N/A,N/A
